Method,Dataset,Num_Features,ACC,NMI,Num_Samples,Num_Original_Features,Num_Classes,Num_Selected_Features,Hidden_Dimension,Alpha,Beta,Gamma,Omega,ACC_Mean,ACC_STD,NMI_Mean,NMI_STD
Baseline,Colon,2000,56.45161290322582,0.9946244319454807,62,2000,2,50,4,0.0001,0.0001,0.0005,0.01,56.45161290322582,1.1102230246251565e-14,0.9946244319454807,1.734723475976807e-16
Baseline,Colon,2000,59.67741935483873,2.021753157903027,62,2000,2,100,4,0.0001,0.0001,0.0005,0.01,59.67741935483873,2.220446049250313e-14,2.021753157903027,3.469446951953614e-16
Baseline,Colon,2000,56.50537634408603,0.7209045711065637,62,2000,2,150,4,0.0001,0.0001,0.0005,0.01,56.50537634408603,0.289524989630887,0.7209045711065637,0.13711918898175643
Baseline,Colon,2000,56.45161290322582,0.9946244319454807,62,2000,2,200,4,0.0001,0.0001,0.0005,0.01,56.45161290322582,1.1102230246251565e-14,0.9946244319454807,1.734723475976807e-16
Baseline,Colon,2000,54.83870967741936,0.6223485544707892,62,2000,2,250,4,0.0001,0.0001,0.0005,0.01,54.83870967741936,1.1102230246251565e-14,0.6223485544707892,0.0
Baseline,Colon,2000,54.83870967741936,0.6223485544707892,62,2000,2,300,4,0.0001,0.0001,0.0005,0.01,54.83870967741936,1.1102230246251565e-14,0.6223485544707892,0.0
Baseline,ORL,400,51.2625,73.14549641509544,400,1024,40,50,200,0.0001,0.0001,0.0005,0.01,51.2625,2.1205468044822777,73.14549641509544,1.0713647426820188
Baseline,ORL,400,53.275,74.67006837919678,400,1024,40,100,200,0.0001,0.0001,0.0005,0.01,53.275,1.660007530103405,74.67006837919678,1.1346555650559087
Baseline,ORL,400,53.7,74.88796206802795,400,1024,40,150,200,0.0001,0.0001,0.0005,0.01,53.7,2.095530958969588,74.88796206802795,0.9492241588189236
Baseline,ORL,400,54.775,75.38988724732162,400,1024,40,200,200,0.0001,0.0001,0.0005,0.01,54.775,2.1226457547127358,75.38988724732162,0.8802226184173446
Baseline,ORL,400,55.65,75.73989738195664,400,1024,40,250,200,0.0001,0.0001,0.0005,0.01,55.65,1.832689280811126,75.73989738195664,0.8627689894924492
Baseline,ORL,400,56.9,76.24588726255682,400,1024,40,300,200,0.0001,0.0001,0.0005,0.01,56.9,1.8462800437636744,76.24588726255682,1.0114716945615492
